City_ID,City,Country,Date,Lat,Lng,Max Temp,Humidity,Cloudiness,Wind Speed
0,Vila Velha,BR,2021-09-18 18:39:56,-20.3297,-40.2925,80.55,61,0,19.57
1,Lagoa,PT,2021-09-18 18:39:56,39.05,-27.9833,66.76,59,13,5.99
2,Kaili,ID,2021-09-18 18:39:57,-3.4626,120.2147,64.42,78,55,3.4
3,Ribeira Grande,PT,2021-09-18 18:39:57,38.5167,-28.7,73.8,49,20,13.8
4,Rikitea,PF,2021-09-18 18:39:58,-23.1203,-134.9692,72.5,77,61,13.35
5,Omsukchan,RU,2021-09-18 18:39:58,62.5333,155.8,36.23,98,99,6.26
6,Ucluelet,CA,2021-09-18 18:36:14,48.9329,-125.5528,60.04,87,9,6.64
7,Albany,US,2021-09-18 18:38:45,42.6001,-73.9662,83.91,63,4,8.77
8,Semirom,IR,2021-09-18 18:39:58,31.4167,51.5667,61.74,24,0,3.94
9,Geraldton,AU,2021-09-18 18:38:10,-28.7667,114.6,46.81,93,0,4.61
10,Galveston,US,2021-09-18 18:39:59,29.3669,-94.9669,92.21,70,1,1.99
11,Shumskiy,RU,2021-09-18 18:39:59,54.8318,99.1328,52.59,89,91,7.74
12,Jamestown,US,2021-09-18 18:39:59,42.097,-79.2353,80.29,75,40,4.0
13,Midland,US,2021-09-18 18:40:00,31.9974,-102.0779,90.95,39,1,6.91
14,Codrington,AU,2021-09-18 18:40:00,-38.2667,141.9667,50.52,74,100,19.73
15,Bredasdorp,ZA,2021-09-18 18:40:01,-34.5322,20.0403,60.12,72,100,17.27
16,Reporoa,NZ,2021-09-18 18:40:01,-38.4333,176.35,38.34,93,67,0.85
17,Bluff,NZ,2021-09-18 18:40:01,-46.6,168.3333,40.8,82,100,13.67
18,Sur,OM,2021-09-18 18:40:05,22.5667,59.5289,83.57,71,11,14.07
19,Chokurdakh,RU,2021-09-18 18:40:06,70.6333,147.9167,24.55,88,77,5.08
20,Cherskiy,RU,2021-09-18 18:40:06,68.75,161.3,27.41,86,16,12.08
21,Tekeli,KZ,2021-09-18 18:40:07,44.83,78.8239,62.31,31,43,8.37
22,Saskylakh,RU,2021-09-18 18:40:07,71.9167,114.0833,23.7,98,75,2.71
23,Lucea,JM,2021-09-18 18:40:08,18.451,-78.1736,88.86,78,76,17.05
24,Hermanus,ZA,2021-09-18 18:38:36,-34.4187,19.2345,59.9,73,98,8.16
25,Khatanga,RU,2021-09-18 18:40:08,71.9667,102.5,27.63,74,0,12.84
26,Moranbah,AU,2021-09-18 18:40:09,-22.0016,148.0466,58.06,83,0,7.96
27,Butaritari,KI,2021-09-18 18:40:09,3.0707,172.7902,82.65,70,20,16.37
28,Hamilton,US,2021-09-18 18:38:58,39.1834,-84.5333,91.94,51,20,1.01
29,Mataura,NZ,2021-09-18 18:38:47,-46.1927,168.8643,40.48,97,100,3.91
30,Norman Wells,CA,2021-09-18 18:40:09,65.282,-126.8329,46.44,76,75,13.8
31,Georgetown,MY,2021-09-18 18:38:18,5.4112,100.3354,78.89,92,20,3.44
32,Great Yarmouth,GB,2021-09-18 18:40:10,52.6083,1.7305,66.56,81,100,9.64
33,Vaini,TO,2021-09-18 18:40:10,-21.2,-175.2,73.56,94,75,6.91
34,Bubaque,GW,2021-09-18 18:40:10,11.2833,-15.8333,81.88,77,47,7.85
35,Camacha,PT,2021-09-18 18:40:11,33.0833,-16.3333,71.02,60,20,9.22
36,Atuona,PF,2021-09-18 18:40:11,-9.8,-139.0333,77.94,75,2,18.28
37,Ruteng,ID,2021-09-18 18:40:11,-8.6136,120.4721,58.51,85,74,1.32
38,New Norfolk,AU,2021-09-18 18:40:12,-42.7826,147.0587,49.5,70,100,3.0
39,Ushuaia,AR,2021-09-18 18:40:12,-54.8,-68.3,42.46,70,0,0.0
40,Port Alfred,ZA,2021-09-18 18:40:13,-33.5906,26.891,61.27,68,0,29.35
41,Busselton,AU,2021-09-18 18:38:21,-33.65,115.3333,52.09,85,100,4.07
42,Vao,NC,2021-09-18 18:40:13,-22.6667,167.4833,69.15,62,45,17.96
43,Gat,IL,2021-09-18 18:40:13,31.61,34.7642,79.48,100,0,8.16
44,Victoria,HK,2021-09-18 18:40:01,22.2855,114.1577,85.98,85,91,9.95
45,Buchanan,LR,2021-09-18 18:40:14,5.8808,-10.0467,78.06,84,65,7.2
46,Mount Isa,AU,2021-09-18 18:40:14,-20.7333,139.5,73.17,43,27,10.36
47,Hilo,US,2021-09-18 18:38:38,19.7297,-155.09,76.8,83,72,7.47
48,Leon,MX,2021-09-18 18:38:26,21.1167,-101.6667,73.45,55,64,6.4
49,Kapaa,US,2021-09-18 18:38:27,22.0752,-159.319,80.58,81,90,1.01
50,Arraial Do Cabo,BR,2021-09-18 18:40:15,-22.9661,-42.0278,82.36,83,40,10.36
51,Oudtshoorn,ZA,2021-09-18 18:40:15,-33.5907,22.2014,55.76,38,25,5.82
52,Upernavik,GL,2021-09-18 18:40:15,72.7868,-56.1549,23.36,54,26,6.13
53,Thompson,CA,2021-09-18 18:40:16,55.7435,-97.8558,57.36,58,90,6.91
54,Tuy Hoa,VN,2021-09-18 18:40:16,13.0833,109.3,76.14,89,98,3.94
55,Sinnamary,GF,2021-09-18 18:40:16,5.3833,-52.95,82.62,79,71,7.36
56,Samarai,PG,2021-09-18 18:39:35,-10.6167,150.6667,78.17,87,100,21.32
57,Sakakah,SA,2021-09-18 18:40:17,29.9697,40.2064,90.97,20,0,8.95
58,Kadaya,RU,2021-09-18 18:40:17,50.9327,119.2911,31.32,83,0,3.13
59,Senno,RU,2021-09-18 18:40:17,59.5336,33.9167,34.34,85,12,6.08
60,Deyang,CN,2021-09-18 18:40:18,31.1302,104.382,65.48,96,100,10.0
61,Nanakuli,US,2021-09-18 18:40:18,21.3906,-158.1547,82.35,65,1,10.36
62,Jonesboro,US,2021-09-18 18:40:07,35.8423,-90.7043,82.17,74,75,8.05
63,Deputatskiy,RU,2021-09-18 18:40:18,69.3,139.9,23.34,97,100,12.15
64,Garibaldi,BR,2021-09-18 18:40:19,-29.2561,-51.5336,70.66,86,94,1.97
65,Saint-Philippe,RE,2021-09-18 18:40:19,-21.3585,55.7679,69.39,88,48,8.41
66,Luderitz,NA,2021-09-18 18:40:19,-26.6481,15.1594,55.69,86,43,8.25
67,Labuhan,ID,2021-09-18 18:40:20,-6.8844,112.2051,78.19,81,99,7.0
68,Touros,BR,2021-09-18 18:40:20,-5.1989,-35.4608,86.9,62,11,19.24
69,Aksu,CN,2021-09-18 18:40:20,41.1231,80.2644,73.94,27,0,4.76
70,Bonavista,CA,2021-09-18 18:40:21,48.6499,-53.1147,66.2,83,74,20.4
71,Mayumba,GA,2021-09-18 18:40:21,-3.432,10.6554,75.27,85,100,8.46
72,Yellowknife,CA,2021-09-18 18:40:21,62.456,-114.3525,48.72,57,75,18.41
73,Skjervoy,NO,2021-09-18 18:40:22,70.0311,20.9714,47.7,71,100,12.46
74,Cabo San Lucas,MX,2021-09-18 18:37:16,22.8909,-109.9124,91.81,66,20,2.3
75,Chebsara,RU,2021-09-18 18:40:22,59.2002,38.8356,38.53,82,7,5.37
76,Chapais,CA,2021-09-18 18:40:23,49.7834,-74.8492,53.38,71,100,8.01
77,Laguna,US,2021-09-18 18:38:38,38.421,-121.4238,77.65,65,1,5.01
78,Port Elizabeth,ZA,2021-09-18 18:36:04,-33.918,25.5701,61.11,72,20,20.71
79,Anchorage,US,2021-09-18 18:36:50,61.2181,-149.9003,47.95,77,75,1.01
80,La Ronge,CA,2021-09-18 18:40:23,55.1001,-105.2842,53.85,58,90,6.91
81,Pacific Grove,US,2021-09-18 18:40:23,36.6177,-121.9166,72.57,71,40,4.0
82,Waingapu,ID,2021-09-18 18:39:51,-9.6567,120.2641,75.94,83,29,7.9
83,Andros Town,BS,2021-09-18 18:40:24,24.7,-77.7667,78.76,67,17,9.98
84,Qaanaaq,GL,2021-09-18 18:40:24,77.484,-69.3632,14.99,73,95,6.02
85,Aqtobe,KZ,2021-09-18 18:40:24,50.2797,57.2072,41.09,52,0,6.71
86,Paamiut,GL,2021-09-18 18:40:25,61.994,-49.6678,37.24,82,8,14.09
87,Tuatapere,NZ,2021-09-18 18:40:25,-46.1333,167.6833,40.82,92,100,7.4
88,Sao Filipe,CV,2021-09-18 18:40:25,14.8961,-24.4956,78.96,84,81,9.55
89,East London,ZA,2021-09-18 18:40:26,-33.0153,27.9116,61.74,67,20,11.5
90,Hervey Bay,AU,2021-09-18 18:40:26,-25.2986,152.8535,57.04,72,7,2.62
91,Bethel,US,2021-09-18 18:40:26,41.3712,-73.414,83.68,69,40,1.01
92,Miandrivazo,MG,2021-09-18 18:40:27,-19.5167,45.4667,72.52,63,11,5.08
93,Bosaso,SO,2021-09-18 18:40:27,11.2842,49.1816,91.76,49,14,4.74
94,Loiza,PR,2021-09-18 18:40:27,18.4313,-65.8802,88.81,62,40,12.66
95,Aksarka,RU,2021-09-18 18:40:28,66.5606,67.7975,32.07,96,100,31.83
96,Tasiilaq,GL,2021-09-18 18:38:34,65.6145,-37.6368,39.36,69,20,3.98
97,Nyurba,RU,2021-09-18 18:40:28,63.2842,118.3319,28.54,87,12,3.24
98,Barrow,US,2021-09-18 18:40:28,71.2906,-156.7887,30.22,86,40,9.22
99,Payson,US,2021-09-18 18:37:55,40.0444,-111.7321,73.99,56,75,17.27
100,Mar Del Plata,AR,2021-09-18 18:36:43,-38.0023,-57.5575,62.62,63,0,10.36
101,Klaksvik,FO,2021-09-18 18:40:29,62.2266,-6.589,54.52,90,99,21.68
102,Hobart,AU,2021-09-18 18:40:20,-42.8794,147.3294,49.86,75,90,4.0
103,Husavik,IS,2021-09-18 18:40:29,66.0449,-17.3389,48.11,74,100,20.96
104,Pevek,RU,2021-09-18 18:40:30,69.7008,170.3133,30.27,69,100,12.3
105,Tuktoyaktuk,CA,2021-09-18 18:40:30,69.4541,-133.0374,39.2,100,90,4.61
106,Mahebourg,MU,2021-09-18 18:40:30,-20.4081,57.7,68.29,83,40,5.75
107,Jardim,BR,2021-09-18 18:40:31,-21.4803,-56.1381,105.64,15,49,6.78
108,Huarmey,PE,2021-09-18 18:40:31,-10.0681,-78.1522,67.89,70,6,10.92
109,Marinette,US,2021-09-18 18:40:31,45.1,-87.6307,72.16,43,1,6.91
110,Rosario,AR,2021-09-18 18:35:50,-32.9468,-60.6393,81.61,44,0,5.01
111,Hvittingfoss,NO,2021-09-18 18:40:32,59.4833,10.0167,53.69,51,100,1.28
112,Kruisfontein,ZA,2021-09-18 18:38:10,-34.0033,24.7314,58.89,72,0,17.47
113,Rawson,AR,2021-09-18 18:40:32,-43.3002,-65.1023,58.62,35,3,6.24
114,Ushtobe,KZ,2021-09-18 18:40:32,45.2514,77.9838,61.68,17,0,2.82
115,Senneterre,CA,2021-09-18 18:40:33,48.3835,-77.2328,59.22,46,100,6.31
116,Vardo,NO,2021-09-18 18:40:33,70.3705,31.1107,45.93,77,3,15.14
117,Kodinar,IN,2021-09-18 18:40:33,20.7903,70.7031,79.41,92,100,6.46
118,Vila Franca Do Campo,PT,2021-09-18 18:38:16,37.7167,-25.4333,70.21,66,98,7.49
119,Bathsheba,BB,2021-09-18 18:40:34,13.2167,-59.5167,90.21,62,40,13.8
120,Punta Arenas,CL,2021-09-18 18:40:35,-53.15,-70.9167,46.51,76,75,11.5
121,Byron Bay,AU,2021-09-18 18:40:35,-28.65,153.6167,66.15,75,76,6.44
122,Pocatello,US,2021-09-18 18:37:09,42.8713,-112.4455,80.73,28,1,15.01
123,Carnarvon,AU,2021-09-18 18:40:36,-24.8667,113.6333,60.87,77,0,14.97
124,Bulaevo,KZ,2021-09-18 18:40:36,54.9056,70.4439,43.23,90,100,8.88
125,Ca Mau,VN,2021-09-18 18:40:36,9.1769,105.15,76.86,92,100,4.59
126,Minab,IR,2021-09-18 18:40:37,27.1467,57.0801,89.1,62,0,3.06
127,Pagudpud,PH,2021-09-18 18:40:37,18.5616,120.7868,80.56,84,64,5.61
128,Talnakh,RU,2021-09-18 18:40:38,69.4865,88.3972,41.95,86,100,4.72
129,Alexandroupoli,GR,2021-09-18 18:40:38,40.8475,25.8744,67.82,88,20,0.0
130,Lebu,CL,2021-09-18 18:40:38,-37.6167,-73.65,54.14,57,12,10.67
131,Tutoia,BR,2021-09-18 18:40:39,-2.7619,-42.2744,87.78,68,6,13.91
132,Grand Gaube,MU,2021-09-18 18:40:39,-20.0064,57.6608,68.4,87,12,10.36
133,Paso De Carrasco,UY,2021-09-18 18:40:39,-34.8603,-56.0522,66.65,86,75,10.36
134,Nortelandia,BR,2021-09-18 18:40:39,-14.4547,-56.8028,105.6,10,2,5.59
135,Kot Kapura,IN,2021-09-18 18:40:40,30.5833,74.9,80.74,65,5,6.11
136,Saldanha,ZA,2021-09-18 18:40:40,-33.0117,17.9442,55.45,83,49,15.93
137,Kragero,NO,2021-09-18 18:40:40,58.8693,9.4149,54.57,74,94,7.63
138,Nishihara,JP,2021-09-18 18:40:41,26.1842,127.7558,79.88,82,40,6.91
139,Lumphat,KH,2021-09-18 18:40:41,13.4878,106.9816,73.58,96,100,3.09
140,Port Lincoln,AU,2021-09-18 18:40:41,-34.7333,135.8667,54.1,76,14,17.98
141,Ambanja,MG,2021-09-18 18:40:42,-13.6833,48.45,73.33,86,8,2.06
142,Puerto Ayora,EC,2021-09-18 18:38:03,-0.7393,-90.3518,80.56,90,80,7.0
143,Bambous Virieux,MU,2021-09-18 18:40:42,-20.3428,57.7575,68.25,83,40,5.75
144,Cape Town,ZA,2021-09-18 18:38:20,-33.9258,18.4232,60.12,79,0,1.01
145,Fomboni,KM,2021-09-18 18:40:43,-12.28,43.7425,78.57,76,4,15.14
146,Graham,US,2021-09-18 18:40:43,47.0529,-122.2943,61.09,91,1,0.0
147,Korla,CN,2021-09-18 18:40:43,41.7597,86.1469,71.62,24,0,1.28
148,Puerto Leguizamo,CO,2021-09-18 18:40:44,-0.1934,-74.7819,87.24,52,65,3.96
149,Clyde River,CA,2021-09-18 18:40:44,70.4692,-68.5914,32.23,69,90,8.05
150,Itarema,BR,2021-09-18 18:39:34,-2.9248,-39.9167,83.37,61,0,19.24
151,La Grande,US,2021-09-18 18:36:22,45.3246,-118.0877,66.2,62,100,5.91
152,Sola,VU,2021-09-18 18:40:45,-13.8833,167.55,77.67,94,90,0.0
153,Kochki,RU,2021-09-18 18:40:45,54.3358,80.4806,46.87,60,100,11.12
154,Saint-Joseph,RE,2021-09-18 18:40:45,-21.3667,55.6167,68.38,90,72,8.08
155,Kurchum,KZ,2021-09-18 18:40:45,48.5722,83.6542,49.55,79,0,3.78
156,Antsohihy,MG,2021-09-18 18:40:46,-14.8796,47.9875,73.62,85,46,3.98
157,Dunedin,NZ,2021-09-18 18:39:09,-45.8742,170.5036,44.8,78,100,3.0
158,Kodiak,US,2021-09-18 18:40:46,57.79,-152.4072,51.31,50,1,13.8
159,Smithers,CA,2021-09-18 18:39:07,54.7804,-127.1743,44.92,93,90,3.44
160,Ferry Pass,US,2021-09-18 18:40:47,30.5102,-87.2125,80.76,93,75,6.91
161,Ornskoldsvik,SE,2021-09-18 18:40:47,63.2909,18.7153,44.42,81,90,2.3
162,Chuy,UY,2021-09-18 18:40:47,-33.6971,-53.4616,66.38,74,6,8.63
163,Beidao,CN,2021-09-18 18:40:48,34.5686,105.8933,57.36,92,100,0.63
164,Mahon,ES,2021-09-18 18:40:48,39.8885,4.2658,75.76,78,20,9.22
165,Sabzevar,IR,2021-09-18 18:40:48,36.2126,57.6819,77.99,27,0,7.52
166,Yulara,AU,2021-09-18 18:40:48,-25.2406,130.9889,55.24,58,0,6.91
167,Mehamn,NO,2021-09-18 18:40:49,71.0357,27.8492,44.78,74,0,11.16
168,Svetlyy,RU,2021-09-18 18:38:42,54.675,20.1347,51.85,60,100,12.71
169,Kuusamo,FI,2021-09-18 18:40:49,65.9667,29.1833,39.24,81,90,1.14
170,Prince Rupert,CA,2021-09-18 18:40:49,54.3161,-130.3201,53.29,88,90,2.3
171,Avarua,CK,2021-09-18 18:40:50,-21.2078,-159.775,75.25,78,20,6.91
172,Ngunguru,NZ,2021-09-18 18:40:50,-35.6167,174.5,42.17,77,0,4.99
173,Ramanuj Ganj,IN,2021-09-18 18:40:50,23.8,83.7,74.5,92,100,2.55
174,Jamame,SO,2021-09-18 18:40:51,0.0722,42.7506,76.03,83,0,12.12
175,Souillac,MU,2021-09-18 18:40:01,-20.5167,57.5167,68.38,83,40,5.75
176,Lorengau,PG,2021-09-18 18:40:51,-2.0226,147.2712,80.46,82,97,8.52
177,Tomatlan,MX,2021-09-18 18:40:51,19.9333,-105.25,86.32,69,100,7.09
178,Muravlenko,RU,2021-09-18 18:40:52,63.7898,74.523,32.86,98,100,17.31
179,Senj,HR,2021-09-18 18:40:52,44.9894,14.9058,68.72,75,15,6.76
180,Songkhla,TH,2021-09-18 18:40:52,6.8333,100.6667,77.05,95,50,2.8
181,Sinaloa,MX,2021-09-18 18:39:44,25.0,-107.5,90.1,71,100,5.01
182,Comodoro Rivadavia,AR,2021-09-18 18:40:53,-45.8667,-67.5,51.66,58,0,8.05
183,Bacolod,PH,2021-09-18 18:35:56,10.6667,122.95,77.0,88,72,2.39
184,Cidreira,BR,2021-09-18 18:40:53,-30.1811,-50.2056,67.89,89,53,7.31
185,Airai,TL,2021-09-18 18:40:53,-8.9266,125.4092,57.47,57,81,3.18
186,Cockburn Town,TC,2021-09-18 18:40:54,21.4612,-71.1419,85.96,62,40,10.36
187,Margate,GB,2021-09-18 18:40:54,51.3813,1.3862,67.95,84,98,11.41
188,Lapeer,US,2021-09-18 18:40:54,43.0514,-83.3188,78.53,46,1,0.0
189,Wuda,CN,2021-09-18 18:40:55,39.4994,106.7117,64.49,58,87,4.41
190,Yinchuan,CN,2021-09-18 18:40:55,38.4681,106.2731,65.05,47,20,6.62
191,Listvyanskiy,RU,2021-09-18 18:40:55,54.4399,83.4984,47.19,75,65,7.4
192,Pavlogradka,RU,2021-09-18 18:40:56,54.2024,73.5592,45.93,83,100,10.8
193,San Patricio,US,2021-09-18 18:40:56,28.017,-97.5169,94.15,42,28,8.21
194,Bengkulu,ID,2021-09-18 18:40:56,-3.8004,102.2655,75.85,91,80,10.71
195,Nikolskoye,RU,2021-09-18 18:40:57,59.7035,30.7861,48.09,81,99,6.51
196,Charyshskoye,RU,2021-09-18 18:40:57,51.3978,83.5598,43.57,86,62,1.43
197,Sharan,RU,2021-09-18 18:40:57,54.8167,54.0,35.62,87,18,10.87
198,Tyler,US,2021-09-18 18:40:23,32.3513,-95.3011,90.43,71,1,3.0
199,Naze,JP,2021-09-18 18:40:58,28.3667,129.4833,73.65,72,86,5.14
200,Saint George,US,2021-09-18 18:40:58,37.1041,-113.5841,70.27,77,90,8.05
201,Faanui,PF,2021-09-18 18:40:58,-16.4833,-151.75,78.24,73,75,21.92
202,Seoul,KR,2021-09-18 18:40:59,37.5683,126.9778,71.04,88,0,2.3
203,Namuac,PH,2021-09-18 18:40:59,18.6109,121.1657,79.95,87,12,8.68
204,Yerbogachen,RU,2021-09-18 18:41:00,61.2767,108.0108,38.53,70,100,5.21
205,Cap-Aux-Meules,CA,2021-09-18 18:41:00,47.3821,-61.8597,69.85,83,75,14.97
206,Longyearbyen,SJ,2021-09-18 18:41:00,78.2186,15.6401,46.24,81,75,17.27
207,Yumen,CN,2021-09-18 18:41:00,40.2833,97.2,64.78,31,65,8.79
208,Nizwa,OM,2021-09-18 18:41:01,22.9333,57.5333,85.19,56,59,4.97
209,Kamaishi,JP,2021-09-18 18:41:01,39.2667,141.8833,63.03,85,32,5.28
210,Esperance,AU,2021-09-18 18:41:02,-33.8667,121.9,55.24,83,100,11.97
211,Katsuura,JP,2021-09-18 18:41:02,35.1333,140.3,75.31,94,98,22.68
212,Pochutla,MX,2021-09-18 18:41:03,15.7432,-96.4661,89.82,60,100,4.92
213,Tezu,IN,2021-09-18 18:41:03,27.9167,96.1667,70.84,84,14,3.83
214,Portel,BR,2021-09-18 18:41:03,-1.9356,-50.8211,93.06,42,57,3.71
215,Saint-Pierre,RE,2021-09-18 18:41:04,-21.3393,55.4781,69.48,87,90,9.22
216,Sortland,NO,2021-09-18 18:41:04,68.6949,15.4162,51.37,67,100,6.71
217,Chontalpa,MX,2021-09-18 18:41:04,17.7,-93.5167,87.93,66,52,4.85
218,Warmbad,NA,2021-09-18 18:41:05,-28.45,18.7333,63.99,30,0,9.91
219,Carupano,VE,2021-09-18 18:41:05,10.6678,-63.2585,86.63,58,93,14.47
220,Lata,PT,2021-09-18 18:41:05,40.1629,-8.3327,65.8,79,5,4.76
221,Berck,FR,2021-09-18 18:41:06,50.4,1.6,68.7,63,0,4.61
222,Aklavik,CA,2021-09-18 18:41:06,68.2191,-135.0107,44.6,93,90,4.61
223,Sorland,NO,2021-09-18 18:38:50,67.667,12.6934,52.45,73,100,19.13
224,Sembe,CG,2021-09-18 18:41:06,1.6481,14.5806,71.46,98,100,0.38
225,San Carlos De Bariloche,AR,2021-09-18 18:41:07,-41.1456,-71.3082,49.75,37,20,16.11
226,Tazovskiy,RU,2021-09-18 18:41:07,67.4667,78.7,40.5,92,100,6.15
227,Kenitra,MA,2021-09-18 18:41:07,34.261,-6.5802,72.73,78,0,8.68
228,Bilma,NE,2021-09-18 18:41:08,18.6853,12.9164,93.27,13,100,6.73
229,Havre-Saint-Pierre,CA,2021-09-18 18:41:08,50.2334,-63.5986,61.16,77,1,27.63
230,Rypefjord,NO,2021-09-18 18:41:08,70.6333,23.6667,45.07,70,100,2.3
231,Poum,NC,2021-09-18 18:41:09,-20.2333,164.0167,69.51,66,0,9.1
232,Giyani,ZA,2021-09-18 18:41:09,-23.3025,30.7187,61.11,62,0,8.7
233,Iqaluit,CA,2021-09-18 18:41:09,63.7506,-68.5145,37.13,81,90,12.66
234,Ostersund,SE,2021-09-18 18:41:10,63.1792,14.6357,45.05,81,75,11.5
235,Palauig,PH,2021-09-18 18:41:10,15.435,119.9045,80.85,77,6,2.62
236,Wasilla,US,2021-09-18 18:41:07,61.5814,-149.4394,47.03,86,90,3.44
237,Troy,US,2021-09-18 18:41:11,42.6056,-83.1499,78.91,59,1,3.0
238,Sergeyevka,KZ,2021-09-18 18:41:11,53.88,67.4158,42.94,86,100,12.39
239,Castro,BR,2021-09-18 18:41:11,-24.7911,-50.0119,78.75,52,65,5.7
240,Dillon,US,2021-09-18 18:41:12,34.4166,-79.3712,89.94,39,98,6.91
241,Pundaguitan,PH,2021-09-18 18:41:12,6.3711,126.1689,80.1,82,100,9.15
242,Porto Nacional,BR,2021-09-18 18:41:12,-10.7081,-48.4172,98.6,14,1,2.64
243,Dikson,RU,2021-09-18 18:39:39,73.5069,80.5464,34.56,75,12,26.8
244,Hailar,CN,2021-09-18 18:41:13,49.2,119.7,41.5,86,1,7.0
245,Maridi,SS,2021-09-18 18:41:13,4.9158,29.4742,67.46,97,99,3.04
246,Roebourne,AU,2021-09-18 18:37:18,-20.7833,117.1333,71.87,37,0,8.34
247,Kaitangata,NZ,2021-09-18 18:41:13,-46.2817,169.8464,38.19,87,100,4.03
248,Xuddur,SO,2021-09-18 18:41:14,4.1213,43.8894,78.13,61,100,19.26
249,Samsun,TR,2021-09-18 18:41:14,41.25,36.3333,63.36,88,0,2.3
250,Raudeberg,NO,2021-09-18 18:41:14,61.9875,5.1352,54.86,89,100,13.98
251,Vangaindrano,MG,2021-09-18 18:41:15,-23.35,47.6,63.61,72,2,9.57
252,North Bend,US,2021-09-18 18:41:15,43.4065,-124.2243,62.92,92,90,17.27
253,Karratha,AU,2021-09-18 18:41:15,-20.7377,116.8463,71.53,43,0,8.57
254,Fare,PF,2021-09-18 18:41:15,-16.7,-151.0167,77.83,74,48,20.62
255,Pisco,PE,2021-09-18 18:41:16,-13.7,-76.2167,62.02,82,90,8.05
256,Mala Tokmachka,UA,2021-09-18 18:41:16,47.5356,35.8929,66.76,74,100,12.93
257,Weihe,CN,2021-09-18 18:41:16,32.9952,105.3247,55.85,83,100,6.46
258,Lola,GN,2021-09-18 18:41:17,7.8,-8.5333,72.46,96,18,3.51
259,Koluszki,PL,2021-09-18 18:36:44,51.7387,19.8199,50.9,93,100,8.84
260,Jacareacanga,BR,2021-09-18 18:41:17,-6.2222,-57.7528,77.56,81,95,2.91
261,Coahuayana,MX,2021-09-18 18:41:17,18.7333,-103.6833,85.48,73,98,5.97
262,Severo-Kurilsk,RU,2021-09-18 18:41:18,50.6789,156.125,49.51,88,100,10.16
263,Maraa,BR,2021-09-18 18:41:18,-1.8333,-65.3667,91.33,47,95,1.57
264,Barcelos,PT,2021-09-18 18:40:49,41.5388,-8.6151,67.91,74,7,9.89
265,Saulkrasti,LV,2021-09-18 18:41:19,57.2622,24.4147,48.15,68,3,15.39
266,Amos,CA,2021-09-18 18:38:43,48.5669,-78.1162,59.27,48,66,6.11
267,Rio Grande City,US,2021-09-18 18:41:19,26.3798,-98.8203,97.83,33,0,7.9
268,Isangel,VU,2021-09-18 18:41:19,-19.55,169.2667,66.31,82,32,4.61
269,Gorontalo,ID,2021-09-18 18:41:20,0.5412,123.0595,75.49,91,96,5.39
270,Indianola,US,2021-09-18 18:41:20,41.3581,-93.5574,84.69,54,0,7.29
271,Talaya,RU,2021-09-18 18:41:20,61.3833,152.75,42.04,85,100,3.8
272,Deep River,CA,2021-09-18 18:41:21,46.1001,-77.4995,70.43,33,97,6.13
273,Provideniya,RU,2021-09-18 18:41:21,64.3833,-173.3,42.64,87,0,7.78
274,Taoudenni,ML,2021-09-18 18:41:21,22.6783,-3.9836,103.82,10,11,8.43
275,Salalah,OM,2021-09-18 18:38:50,17.0151,54.0924,80.69,94,75,6.91
276,Arvika,SE,2021-09-18 18:41:22,59.6553,12.5852,48.9,74,100,2.06
277,Oranjemund,NA,2021-09-18 18:41:22,-28.55,16.4333,56.95,85,9,16.84
278,Te Anau,NZ,2021-09-18 18:41:22,-45.4167,167.7167,42.17,95,100,4.85
279,Kloulklubed,PW,2021-09-18 18:41:23,7.0419,134.2556,75.7,79,91,11.77
280,Tual,ID,2021-09-18 18:41:23,-5.6667,132.75,79.77,80,100,19.04
281,Hasaki,JP,2021-09-18 18:41:23,35.7333,140.8333,72.0,89,100,27.85
282,Tahe,CN,2021-09-18 18:41:23,52.3333,124.7333,34.61,77,0,3.69
283,Tiksi,RU,2021-09-18 18:41:24,71.6872,128.8694,34.34,78,100,16.84
284,Oktyabrskiy,RU,2021-09-18 18:41:24,54.4815,53.471,37.18,83,50,7.65
285,Sibut,CF,2021-09-18 18:41:24,5.718,19.0739,68.92,91,55,2.48
286,Tabas,IR,2021-09-18 18:41:25,33.5959,56.9244,85.35,8,0,3.33
287,Nioro,GM,2021-09-18 18:41:25,13.35,-15.75,79.57,85,100,3.87
288,Baj Baj,IN,2021-09-18 18:41:05,22.4747,88.1703,82.36,91,100,4.05
289,Roald,NO,2021-09-18 18:41:25,62.5833,6.1333,58.15,93,75,3.44
290,Lokachi,UA,2021-09-18 18:41:26,50.737,24.6494,48.74,91,100,8.01
291,Guilin,CN,2021-09-18 18:40:40,25.2819,110.2864,77.11,90,64,1.39
292,Nouadhibou,MR,2021-09-18 18:40:00,20.931,-17.0347,80.58,83,96,20.71
293,Izhma,RU,2021-09-18 18:41:26,65.0083,53.9113,37.31,77,100,12.26
294,Inuvik,CA,2021-09-18 18:39:13,68.3499,-133.7218,44.64,93,90,2.3
295,Walvis Bay,NA,2021-09-18 18:41:27,-22.9575,14.5053,59.09,72,0,8.05
296,Nantucket,US,2021-09-18 18:36:38,41.2835,-70.0995,75.31,79,40,19.57
297,Kununurra,AU,2021-09-18 18:41:27,-15.7667,128.7333,73.38,88,7,3.44
298,Zomin,UZ,2021-09-18 18:41:27,39.9606,68.3958,72.25,12,0,4.85
299,Fenoarivo,MG,2021-09-18 18:41:28,-18.933,47.4354,64.47,82,75,14.97
300,Shawville,CA,2021-09-18 18:41:28,45.6001,-76.4827,72.34,32,100,7.83
301,Berlevag,NO,2021-09-18 18:39:39,70.8578,29.0864,44.6,72,0,18.25
302,Lompoc,US,2021-09-18 18:40:01,34.6391,-120.4579,71.02,71,90,0.0
303,Marsa Matruh,EG,2021-09-18 18:41:29,31.3525,27.2453,79.0,78,0,10.36
304,Tete,MZ,2021-09-18 18:41:29,-16.1564,33.5867,71.69,73,75,9.22
305,Toora-Khem,RU,2021-09-18 18:41:29,52.4675,96.11,47.19,82,75,4.5
306,Cikampek,ID,2021-09-18 18:41:30,-6.4197,107.4558,77.76,81,98,4.36
307,Leningradskiy,RU,2021-09-18 18:41:30,69.3833,178.4167,23.52,87,75,14.03
308,Tecoanapa,MX,2021-09-18 18:41:30,16.5167,-98.75,85.93,64,92,3.87
309,Qinhuangdao,CN,2021-09-18 18:41:31,39.9317,119.5883,65.77,70,100,4.03
310,Aykhal,RU,2021-09-18 18:41:31,66.0,111.5,26.06,84,9,1.59
311,Grindavik,IS,2021-09-18 18:41:32,63.8424,-22.4338,48.15,93,90,14.97
312,Andra,RU,2021-09-18 18:41:32,62.5147,65.8878,33.26,97,100,19.08
313,Avera,US,2021-09-18 18:41:32,33.194,-82.5271,86.92,50,100,4.5
314,Matagami,CA,2021-09-18 18:41:33,49.7502,-77.6328,51.91,82,90,6.91
315,San Quintin,MX,2021-09-18 18:41:33,30.4833,-115.95,73.8,66,0,16.35
316,Portadown,GB,2021-09-18 18:41:33,54.4241,-6.4412,60.62,90,100,5.86
317,Komsomolskiy,UZ,2021-09-18 18:41:34,40.4272,71.7189,68.72,45,0,6.91
318,Hami,CN,2021-09-18 18:41:34,42.8,93.45,72.82,21,99,3.98
319,Kudahuvadhoo,MV,2021-09-18 18:41:34,2.6708,72.8944,82.63,76,100,6.73
320,Puerto Colombia,CO,2021-09-18 18:41:34,10.9878,-74.9547,91.49,73,16,17.05
321,Mangan,IN,2021-09-18 18:41:35,27.5167,88.5333,73.36,81,16,3.13
322,Hulan Ergi,CN,2021-09-18 18:41:35,47.2042,123.6333,49.17,90,100,13.42
323,Nola,IT,2021-09-18 18:41:35,40.922,14.5329,77.56,63,68,2.75
324,Okhotsk,RU,2021-09-18 18:41:36,59.3833,143.3,42.49,87,100,4.09
325,Cuamba,MZ,2021-09-18 18:41:36,-14.8031,36.5372,71.67,69,26,9.86
326,Puerto Palomas,MX,2021-09-18 18:41:36,31.7667,-107.6167,88.93,20,0,7.87
327,Lazaro Cardenas,MX,2021-09-18 18:41:37,17.9583,-102.2,83.84,72,89,6.44
328,Virtsu,EE,2021-09-18 18:41:37,58.5716,23.5115,44.94,76,2,15.21
329,Alenquer,BR,2021-09-18 18:41:38,-1.9417,-54.7383,89.94,47,100,4.32
330,Rauma,FI,2021-09-18 18:41:38,61.1272,21.5113,48.24,59,100,6.71
331,Vestmanna,FO,2021-09-18 18:41:38,62.1564,-7.1664,52.72,94,90,16.11
332,Kavieng,PG,2021-09-18 18:41:38,-2.5744,150.7967,82.89,75,47,13.18
333,Faya,SA,2021-09-18 18:41:39,18.3851,42.4509,75.31,22,11,9.13
334,Havoysund,NO,2021-09-18 18:41:39,70.9963,24.6622,45.48,72,100,11.88
335,Saint-Louis,SN,2021-09-18 18:41:40,16.3333,-15.0,83.84,46,100,5.7
336,Kirakira,SB,2021-09-18 18:41:40,-10.4544,161.9205,79.23,86,98,12.08
337,Pangnirtung,CA,2021-09-18 18:38:46,66.1451,-65.7125,35.6,51,90,0.0
338,Qaqortoq,GL,2021-09-18 18:41:41,60.7167,-46.0333,45.1,88,100,2.62
339,Mazagao,BR,2021-09-18 18:41:41,-0.115,-51.2894,95.05,42,85,4.97
340,Savelugu,GH,2021-09-18 18:41:42,9.6244,-0.8253,80.71,73,55,6.49
341,Torbay,CA,2021-09-18 18:39:13,47.6666,-52.7314,72.75,72,20,20.71
342,Matadi,CD,2021-09-18 18:41:42,-5.8167,13.45,79.16,63,25,9.31
343,Plettenberg Bay,ZA,2021-09-18 18:41:42,-34.0527,23.3716,57.96,75,89,15.3
344,Grimshaw,CA,2021-09-18 18:41:43,56.1834,-117.6027,48.9,87,90,13.8
345,College,US,2021-09-18 18:38:22,64.8569,-147.8028,39.52,80,75,4.61
346,Martapura,ID,2021-09-18 18:41:43,-3.4167,114.85,75.29,88,100,2.3
347,Port Hedland,AU,2021-09-18 18:41:43,-20.3167,118.5667,66.25,68,0,6.91
348,Barao De Melgaco,BR,2021-09-18 18:41:44,-16.1944,-55.9675,102.72,10,8,6.96
349,Praia Da Vitoria,PT,2021-09-18 18:41:44,38.7333,-27.0667,73.65,64,20,6.38
350,Pandharpur,IN,2021-09-18 18:39:53,17.6667,75.3333,77.56,72,87,11.25
351,Kontagora,NG,2021-09-18 18:41:44,10.3999,5.4695,75.22,90,47,2.93
352,Araouane,ML,2021-09-18 18:41:45,18.9048,-3.5265,101.44,14,100,5.26
353,Sobolevo,RU,2021-09-18 18:41:45,54.4299,31.8996,41.74,93,100,23.76
354,Fortuna,US,2021-09-18 18:41:45,40.5982,-124.1573,63.36,75,40,1.99
355,Sabang,ID,2021-09-18 18:41:46,5.8933,95.3214,81.46,72,100,1.74
356,Alice Springs,AU,2021-09-18 18:41:15,-23.7,133.8833,51.35,87,60,5.75
357,Minatitlan,MX,2021-09-18 18:41:46,17.9833,-94.5167,86.09,79,75,8.05
358,Leh,IN,2021-09-18 18:41:46,34.1667,77.5833,60.71,25,0,4.99
359,Araguaina,BR,2021-09-18 18:41:47,-7.1911,-48.2072,101.26,18,87,5.26
360,Lock Haven,US,2021-09-18 18:41:47,41.137,-77.4469,87.08,49,61,5.66
361,Kirkland Lake,CA,2021-09-18 18:41:47,48.1446,-80.0377,61.09,51,11,5.77
362,Namatanai,PG,2021-09-18 18:41:48,-3.6667,152.4333,79.93,79,87,7.54
363,Saint-Augustin,CA,2021-09-18 18:41:48,51.226,-58.6502,67.82,72,80,25.12
364,Mahajanga,MG,2021-09-18 18:41:48,-15.7167,46.3167,78.82,78,0,9.22
365,Fort Saint James,CA,2021-09-18 18:41:49,54.4333,-124.25,50.0,73,99,5.46
366,Coquimbo,CL,2021-09-18 18:38:39,-29.9533,-71.3436,60.53,67,0,11.5
367,Alta Floresta,BR,2021-09-18 18:41:49,-9.8756,-56.0861,91.22,55,75,5.75
368,Govindgarh,IN,2021-09-18 18:41:50,27.5,76.9833,78.31,86,0,6.4
369,Wanning,CN,2021-09-18 18:41:50,18.8003,110.3967,79.05,83,2,3.29
370,Vicente Guerrero,MX,2021-09-18 18:41:50,19.1194,-98.1708,67.53,59,100,4.5
371,Mariental,NA,2021-09-18 18:41:50,-24.6333,17.9667,71.49,17,0,13.02
372,Wenling,CN,2021-09-18 18:41:51,28.3669,121.36,74.68,87,6,4.36
373,Opuwo,NA,2021-09-18 18:38:53,-18.0607,13.84,72.32,23,26,7.72
374,Fukue,JP,2021-09-18 18:41:51,32.6881,128.8419,75.16,76,21,21.05
375,Cayenne,GF,2021-09-18 18:41:52,4.9333,-52.3333,89.64,72,90,3.0
376,Finschhafen,PG,2021-09-18 18:41:52,-6.6024,147.8681,75.58,94,100,8.32
377,Nuuk,GL,2021-09-18 18:41:52,64.1835,-51.7216,43.41,56,1,5.75
378,Varkaus,FI,2021-09-18 18:41:52,62.3153,27.873,41.31,83,75,5.06
379,Fagernes,NO,2021-09-18 18:41:53,60.9858,9.2324,53.28,86,100,3.78
380,Ito,JP,2021-09-18 18:41:53,34.9667,139.0833,73.8,90,98,10.25
381,Korinos,GR,2021-09-18 18:41:53,40.315,22.5853,77.38,55,0,6.78
382,Eten,PE,2021-09-18 18:41:54,-6.9081,-79.8642,68.25,68,40,12.66
383,Tigre,AR,2021-09-18 18:41:54,-34.426,-58.5796,79.2,58,0,10.36
384,Cap Malheureux,MU,2021-09-18 18:41:54,-19.9842,57.6142,68.49,87,14,10.49
385,Bonthe,SL,2021-09-18 18:38:13,7.5264,-12.505,78.76,84,100,7.16
386,Buraydah,SA,2021-09-18 18:41:55,26.326,43.975,95.45,14,96,4.79
387,Dingle,PH,2021-09-18 18:41:55,10.9995,122.6711,75.43,91,33,2.73
388,Kokopo,PG,2021-09-18 18:41:55,-4.352,152.2633,76.55,84,87,3.02
389,Bardiyah,LY,2021-09-18 18:41:56,31.7561,25.0865,77.68,77,0,13.11
390,Lusambo,CD,2021-09-18 18:41:56,-4.9667,23.45,71.89,93,100,3.4
391,Oum Hadjer,TD,2021-09-18 18:41:56,13.2954,19.6966,84.18,56,91,9.93
392,Gornet,RO,2021-09-18 18:41:56,45.1167,26.0667,63.05,84,38,7.34
393,Dawlatabad,AF,2021-09-18 18:41:57,36.4141,64.9053,76.82,11,0,4.07
394,Guerrero Negro,MX,2021-09-18 18:41:57,27.9769,-114.0611,76.03,62,4,18.63
395,Timaru,NZ,2021-09-18 18:41:57,-44.4,171.25,38.82,80,98,4.54
396,Mount Pleasant,US,2021-09-18 18:41:29,32.7941,-79.8626,88.18,86,75,7.0
397,Boa Vista,BR,2021-09-18 18:41:58,2.8197,-60.6733,89.58,48,40,5.75
398,Montepuez,MZ,2021-09-18 18:41:58,-13.1256,38.9997,75.04,59,9,9.48
399,Tautira,PF,2021-09-18 18:41:58,-17.7333,-149.15,80.62,78,95,20.13
400,Altamirano,MX,2021-09-18 18:41:59,16.8833,-92.15,74.98,50,48,6.26
401,Bereda,ES,2021-09-18 18:41:59,43.2686,-7.5406,59.14,76,0,2.46
402,Ugoofaaru,MV,2021-09-18 18:41:59,5.6667,73.0,82.85,76,100,9.75
403,Anshun,CN,2021-09-18 18:42:00,26.25,105.9333,66.65,97,100,5.73
404,Kelvington,CA,2021-09-18 18:41:19,52.1667,-103.5343,80.26,19,71,15.66
405,Ponta Delgada,PT,2021-09-18 18:42:00,37.7333,-25.6667,70.52,60,75,10.36
406,Acari,PE,2021-09-18 18:42:01,-15.4311,-74.6158,74.86,48,1,9.53
407,Chernyshevskiy,RU,2021-09-18 18:42:01,63.0128,112.4714,36.21,71,100,1.68
408,Tamasopo,MX,2021-09-18 18:42:01,21.9333,-99.4833,79.27,54,95,5.06
409,Coxim,BR,2021-09-18 18:42:02,-18.5067,-54.76,106.25,11,6,6.29
410,Hithadhoo,MV,2021-09-18 18:42:02,-0.6,73.0833,83.07,73,77,5.06
411,Ostrovnoy,RU,2021-09-18 18:42:02,68.0531,39.5131,37.72,87,19,0.78
412,Harper,LR,2021-09-18 18:39:30,4.375,-7.7169,77.76,85,80,7.72
413,Port-Gentil,GA,2021-09-18 18:42:03,-0.7193,8.7815,77.59,81,100,15.01
414,Ahipara,NZ,2021-09-18 18:38:25,-35.1667,173.1667,48.83,79,7,1.99
415,Jalu,LY,2021-09-18 18:42:03,29.0331,21.5482,87.37,24,0,7.16
416,Haines Junction,CA,2021-09-18 18:42:03,60.7522,-137.5108,44.55,70,100,2.3
417,Bay Roberts,CA,2021-09-18 18:42:04,47.5999,-53.2648,73.15,80,25,7.0
418,Rocha,UY,2021-09-18 18:42:04,-34.4833,-54.3333,68.25,69,0,9.19
419,Ecclefechan,GB,2021-09-18 18:42:04,55.0593,-3.2665,63.36,93,100,0.89
420,Winnemucca,US,2021-09-18 18:42:05,40.973,-117.7357,80.65,10,1,18.41
421,Igarka,RU,2021-09-18 18:42:05,67.4667,86.5833,43.9,92,100,11.43
422,Balabac,PH,2021-09-18 18:42:05,7.9868,117.0645,81.0,79,19,6.85
423,Manokwari,ID,2021-09-18 18:42:06,-0.8667,134.0833,78.55,76,100,5.19
424,Ferme-Neuve,CA,2021-09-18 18:42:06,46.7001,-75.4493,64.18,37,100,6.98
425,Goderich,CA,2021-09-18 18:42:06,43.7501,-81.7165,75.04,60,0,13.8
426,Livingston,GB,2021-09-18 18:42:06,55.9029,-3.5226,62.85,90,0,5.75
427,Guymon,US,2021-09-18 18:42:07,36.6828,-101.4816,86.47,42,1,10.36
428,Roccastrada,IT,2021-09-18 18:42:07,43.0099,11.1665,71.8,73,100,2.91
429,Chute-Aux-Outardes,CA,2021-09-18 18:42:07,49.1168,-68.399,69.78,40,20,13.8
430,Ixtapa,MX,2021-09-18 18:42:08,20.7,-105.2,85.23,81,79,5.01
431,Ponta Do Sol,PT,2021-09-18 18:42:08,32.6667,-17.1,74.12,61,75,6.82
432,Zapolyarnyy,RU,2021-09-18 18:42:08,69.4154,30.8136,38.48,80,7,9.44
433,Muswellbrook,AU,2021-09-18 18:42:09,-32.2667,150.9,45.91,95,0,4.09
434,Fort Nelson,CA,2021-09-18 18:39:03,58.8053,-122.7002,44.19,87,75,4.61
435,Yermish,RU,2021-09-18 18:42:09,54.7678,42.2711,39.27,73,100,6.85
436,Tambilil,PH,2021-09-18 18:42:10,5.9622,124.6697,78.13,83,100,1.97
437,Arcata,US,2021-09-18 18:42:10,40.8665,-124.0828,63.63,94,90,8.01
438,Mackay,AU,2021-09-18 18:42:10,-21.15,149.2,61.05,82,40,3.44
439,Rorvik,NO,2021-09-18 18:42:11,64.8621,11.2373,54.68,69,100,15.77
440,Hutchinson,US,2021-09-18 18:39:30,38.0608,-97.9298,88.83,43,1,3.0
441,Matay,EG,2021-09-18 18:42:11,28.419,30.7792,84.74,29,0,9.42
442,Kendrapara,IN,2021-09-18 18:42:11,20.5042,86.416,79.21,85,100,5.28
443,Samana,DO,2021-09-18 18:42:12,19.2056,-69.3369,88.02,70,75,6.91
444,Batemans Bay,AU,2021-09-18 18:42:12,-35.7167,150.1833,49.19,70,0,6.53
445,Millington,US,2021-09-18 18:41:32,35.3415,-89.8973,84.18,91,90,6.91
446,Ancud,CL,2021-09-18 18:42:12,-41.8697,-73.8203,54.93,63,73,7.29
447,Challapata,BO,2021-09-18 18:42:13,-18.9,-66.7667,63.37,19,15,5.68
448,Diego De Almagro,CL,2021-09-18 18:42:13,-26.3667,-70.05,79.36,12,91,11.83
449,Krasnodar,RU,2021-09-18 18:42:13,45.0,40.0,63.82,65,60,4.59
450,Matara,LK,2021-09-18 18:42:14,5.9485,80.5353,78.8,90,94,6.67
451,Talara,PE,2021-09-18 18:42:14,-4.5772,-81.2719,74.16,64,0,11.5
452,Ulladulla,AU,2021-09-18 18:42:14,-35.35,150.4667,47.88,66,0,6.29
453,Klyuchevskiy,RU,2021-09-18 18:42:15,53.5317,119.4519,31.84,81,0,2.46
454,Elat,IL,2021-09-18 18:42:15,29.5581,34.9482,87.64,27,0,16.11
455,Nanortalik,GL,2021-09-18 18:42:15,60.1432,-45.2371,41.25,94,100,15.46
456,Ambilobe,MG,2021-09-18 18:42:16,-13.2,49.05,75.31,84,89,1.59
457,Barbacoas,CO,2021-09-18 18:42:16,1.6715,-78.1398,83.93,76,72,5.53
458,Minas,UY,2021-09-18 18:42:16,-34.3759,-55.2377,61.52,53,0,5.82
459,Richards Bay,ZA,2021-09-18 18:42:17,-28.783,32.0377,58.75,72,0,4.85
460,Itupiranga,BR,2021-09-18 18:42:17,-5.1347,-49.3267,89.92,43,95,2.93
461,Linxia,CN,2021-09-18 18:42:17,35.6003,103.2064,50.49,74,12,4.25
462,Jiexiu,CN,2021-09-18 18:38:17,37.0244,111.9125,60.1,98,100,10.02
463,Nabisar,PK,2021-09-18 18:42:18,25.0685,69.6419,87.67,67,93,14.72
464,Ormara,PK,2021-09-18 18:42:18,25.2088,64.6357,81.12,88,0,10.4
465,Joshimath,IN,2021-09-18 18:42:18,30.5667,79.5667,69.19,91,51,0.94
466,Shelburne,CA,2021-09-18 18:39:22,44.0787,-80.2041,74.73,30,1,8.77
467,Tairua,NZ,2021-09-18 18:42:19,-37.0167,175.85,47.08,71,7,4.14
468,Mubi,NG,2021-09-18 18:42:19,10.2676,13.2644,77.43,73,71,3.71
469,Kastamonu,TR,2021-09-18 18:42:19,41.5,33.6667,68.02,72,77,2.91
470,Westerland,DE,2021-09-18 18:42:20,54.9079,8.3033,59.02,94,75,9.22
471,Sindgi,IN,2021-09-18 18:42:20,16.9167,76.2333,76.84,75,54,11.5
472,Buta,CD,2021-09-18 18:42:20,2.7858,24.73,69.98,99,100,1.92
473,Kahului,US,2021-09-18 18:37:43,20.8947,-156.47,78.06,81,40,17.27
474,Nelson Bay,AU,2021-09-18 18:42:21,-32.7167,152.15,54.68,93,0,8.57
475,Lesnoye,RU,2021-09-18 18:42:21,58.2841,35.5158,35.98,85,39,6.31
476,Noyabrsk,RU,2021-09-18 18:42:22,63.1994,75.4507,32.4,99,100,19.28
477,Ontario,US,2021-09-18 18:38:54,34.0633,-117.6509,89.87,57,20,5.99
478,Miri,MY,2021-09-18 18:38:14,4.4148,114.0089,78.94,94,40,2.3
479,Tarko-Sale,RU,2021-09-18 18:42:22,64.9225,77.785,39.47,89,100,18.3
480,Malkangiri,IN,2021-09-18 18:42:22,18.35,81.9,74.93,93,100,0.6
481,Nome,US,2021-09-18 18:42:23,64.5011,-165.4064,44.67,76,90,17.27
482,Biu,NG,2021-09-18 18:42:23,10.6129,12.1946,74.23,79,32,3.18
483,Cotonou,BJ,2021-09-18 18:42:23,6.3654,2.4183,80.58,83,40,12.66
484,Spasskoye,RU,2021-09-18 18:42:24,44.6108,132.7969,48.2,62,9,5.39
485,Forecariah,GN,2021-09-18 18:42:24,9.4306,-13.0881,77.74,90,100,3.96
486,Yar-Sale,RU,2021-09-18 18:42:24,66.8333,70.8333,32.77,98,100,25.55
487,Sambava,MG,2021-09-18 18:42:25,-14.2667,50.1667,71.35,83,37,3.71
488,Ballina,AU,2021-09-18 18:42:25,-28.8667,153.5667,64.58,84,40,3.44
489,Kinwat,IN,2021-09-18 18:42:25,19.6333,78.2,76.77,76,95,0.67
490,Alofi,NU,2021-09-18 18:42:26,-19.0595,-169.9187,75.09,100,8,4.61
491,Namibe,AO,2021-09-18 18:42:26,-15.1961,12.1522,61.84,83,6,11.99
492,Shimoda,JP,2021-09-18 18:42:26,34.6667,138.95,76.37,90,100,0.49
493,Qui Nhon,VN,2021-09-18 18:42:27,13.7667,109.2333,77.36,85,100,4.59
494,Spassk-Ryazanskiy,RU,2021-09-18 18:42:27,54.4072,40.3806,43.34,64,100,9.06
495,Toguchin,RU,2021-09-18 18:42:27,55.2353,84.3858,44.47,73,99,6.17
496,Sao Raimundo Das Mangabeiras,BR,2021-09-18 18:42:27,-7.0219,-45.4811,99.84,17,6,5.93
497,Mathbaria,BD,2021-09-18 18:42:28,22.2876,89.9593,77.95,91,100,4.43
498,Savannah Bight,HN,2021-09-18 18:42:28,16.45,-85.85,91.45,78,79,19.22
499,Zhigansk,RU,2021-09-18 18:42:28,66.7697,123.3711,34.56,68,100,15.61
500,Sturgis,US,2021-09-18 18:42:29,41.7992,-85.4192,83.98,29,1,5.75
501,Soyo,AO,2021-09-18 18:42:29,-6.1349,12.3689,75.25,76,58,9.35
502,Dzhebariki-Khaya,RU,2021-09-18 18:42:29,62.2167,135.8,38.37,94,66,2.91
503,Caravelas,BR,2021-09-18 18:42:30,-17.7125,-39.2481,77.63,63,1,8.23
504,Hokitika,NZ,2021-09-18 18:42:30,-42.7167,170.9667,47.95,84,72,4.34
505,Xining,CN,2021-09-18 18:39:39,36.6167,101.7667,47.25,84,77,1.88
506,Zunyi,CN,2021-09-18 18:42:31,27.6867,106.9072,69.13,97,100,5.03
507,Beloha,MG,2021-09-18 18:42:31,-25.1667,45.05,64.2,53,87,11.54
508,El Alto,PE,2021-09-18 18:42:31,-4.2714,-81.2147,71.26,71,17,20.45
509,Darhan,MN,2021-09-18 18:42:31,49.4867,105.9228,53.38,80,98,2.08
510,Kuching,MY,2021-09-18 18:42:32,1.55,110.3333,75.42,94,20,0.0
511,Betsiamites,CA,2021-09-18 18:42:32,48.9413,-68.646,69.89,45,2,11.5
512,Pozo Colorado,PY,2021-09-18 18:42:32,-23.4923,-58.7972,105.94,17,16,10.25
513,Dvinskoy,RU,2021-09-18 18:42:33,62.1535,45.1175,35.55,87,100,6.35
514,Buala,SB,2021-09-18 18:42:33,-8.145,159.5921,79.72,86,88,10.11
515,Escarcega,MX,2021-09-18 18:42:33,18.6089,-90.7454,98.29,34,34,4.68
516,Umm Lajj,SA,2021-09-18 18:42:34,25.0213,37.2685,82.67,64,0,5.08
517,Salinopolis,BR,2021-09-18 18:42:34,-0.6136,-47.3561,83.98,67,18,11.95
518,Khani,GE,2021-09-18 18:42:33,41.9563,42.9566,54.97,84,100,4.52
519,Olavarria,AR,2021-09-18 18:42:34,-36.8927,-60.3225,70.66,56,3,9.33
520,Sioux Lookout,CA,2021-09-18 18:42:35,50.1001,-91.917,62.98,55,90,9.22
521,San Cristobal,VE,2021-09-18 18:42:35,7.7669,-72.225,86.18,48,45,8.08
522,Thap Than,TH,2021-09-18 18:42:35,15.4606,99.8917,78.19,88,97,2.62
523,Broken Hill,AU,2021-09-18 18:42:36,-31.95,141.4333,46.11,53,0,0.0
524,Kundiawa,PG,2021-09-18 18:42:36,-6.0167,144.9667,60.19,98,91,1.63
525,Payakumbuh,ID,2021-09-18 18:42:36,-0.2202,100.6308,69.73,98,100,2.93
526,Hualmay,PE,2021-09-18 18:42:37,-11.0964,-77.6139,66.29,69,11,8.99
527,Katherine,AU,2021-09-18 18:42:37,-14.4667,132.2667,66.52,63,11,6.91
528,Sidney,AU,2021-09-18 18:42:37,-33.8679,151.2073,52.59,67,0,1.01
529,Norsup,VU,2021-09-18 18:42:38,-16.0667,167.3833,77.2,82,74,16.93
530,Port Hardy,CA,2021-09-18 18:42:14,50.6996,-127.4199,51.98,100,75,6.91
531,Egvekinot,RU,2021-09-18 18:42:38,66.3167,-179.1667,31.32,78,14,7.31
532,Los Llanos De Aridane,ES,2021-09-18 18:42:38,28.6585,-17.9182,73.15,78,40,9.22
533,Anadyr,RU,2021-09-18 18:42:39,64.75,177.4833,37.9,93,0,2.24
534,Mana,GF,2021-09-18 18:39:14,5.6592,-53.7767,81.46,78,87,6.55
535,Sungairaya,ID,2021-09-18 18:42:39,0.7,108.9,77.16,89,100,2.75
536,Lovozero,RU,2021-09-18 18:42:39,68.005,35.0117,37.63,80,87,2.15
537,Oranjestad,AW,2021-09-18 18:41:19,12.524,-70.027,87.75,62,20,16.11
538,Porbandar,IN,2021-09-18 18:42:40,21.6422,69.6093,80.8,87,100,7.2
539,Kanigoro,ID,2021-09-18 18:42:40,-8.13,112.219,73.69,90,87,6.8
540,Corinto,GR,2021-09-18 18:42:40,37.9407,22.9573,89.71,64,0,6.38
541,Paszto,HU,2021-09-18 18:42:41,47.9202,19.6983,60.51,74,2,7.63
542,Teacapan,MX,2021-09-18 18:42:41,22.55,-105.75,86.2,68,15,8.39
543,Shingu,JP,2021-09-18 18:42:42,33.7333,135.9833,75.9,86,1,5.97
544,Delijan,IR,2021-09-18 18:42:42,33.9905,50.6838,76.86,19,0,1.72
545,Porto Novo,BJ,2021-09-18 18:42:42,6.4965,2.6036,80.42,84,75,6.73
546,Goleniow,PL,2021-09-18 18:42:43,53.5639,14.8285,58.48,79,90,4.61
547,Abu Zabad,SD,2021-09-18 18:42:43,12.35,29.25,73.56,82,48,3.76
548,Marzuq,YE,2021-09-18 18:42:43,14.4,46.4667,85.12,21,69,1.14
549,Damara,CF,2021-09-18 18:42:44,4.9608,18.7035,70.59,93,78,3.09
550,Sao Domingos,BR,2021-09-18 18:42:44,-13.3983,-46.3183,93.63,14,6,4.7
551,Panama City,PA,2021-09-18 18:41:40,8.9936,-79.5197,89.55,73,40,16.11
552,Yablonovo,RU,2021-09-18 18:42:44,50.8523,37.3574,53.46,61,100,19.04
553,Poya,NC,2021-09-18 18:42:45,-21.35,165.15,62.15,76,0,4.92
554,Xai-Xai,MZ,2021-09-18 18:42:45,-25.0519,33.6442,63.91,57,56,6.64
555,Tiznit,MA,2021-09-18 18:42:45,29.5833,-9.5,69.84,72,0,5.37
556,Aktau,KZ,2021-09-18 18:42:46,43.65,51.2,61.38,36,2,13.42
557,Mala,PE,2021-09-18 18:42:46,-12.6581,-76.6308,66.07,72,45,8.1
558,Arlit,NE,2021-09-18 18:42:46,18.7369,7.3853,98.67,12,0,4.72
559,Itacare,BR,2021-09-18 18:42:46,-14.2775,-38.9967,80.49,63,0,6.67
560,Amberley,US,2021-09-18 18:42:47,39.2048,-84.428,91.24,51,20,3.0
561,Levelland,US,2021-09-18 18:40:25,33.5873,-102.378,86.2,41,0,11.79
562,Eureka,US,2021-09-18 18:39:09,40.8021,-124.1637,63.63,94,99,8.01
563,Khandyga,RU,2021-09-18 18:42:47,62.6667,135.6,36.72,98,29,3.18
564,Nador,MA,2021-09-18 18:42:48,35.174,-2.9287,80.67,50,0,6.91
565,Wabrzezno,PL,2021-09-18 18:42:48,53.2799,18.9477,51.4,80,69,8.16
566,Vegueta,PE,2021-09-18 18:42:48,-11.0231,-77.6431,65.17,71,15,8.99
567,Narsaq,GL,2021-09-18 18:42:49,60.9167,-46.05,44.82,91,98,1.25
568,Brainerd,US,2021-09-18 18:42:49,46.358,-94.2008,72.23,37,1,16.11
569,Antananarivo,MG,2021-09-18 18:42:49,-18.9137,47.5361,64.36,82,75,14.97
570,Zhangye,CN,2021-09-18 18:42:30,38.9342,100.4517,63.14,45,100,5.66
571,George Town,MY,2021-09-18 18:38:18,5.4112,100.3354,78.89,92,20,3.44
572,Krasnoselkup,RU,2021-09-18 18:42:50,65.7,82.4667,37.4,93,29,9.44
573,Pacifica,US,2021-09-18 18:41:50,37.6138,-122.4869,74.71,80,75,14.0
574,Mananara,MG,2021-09-18 18:42:50,-16.1667,49.7667,70.03,94,100,4.25
575,Juneau,US,2021-09-18 18:42:18,58.3019,-134.4197,56.84,82,75,5.75
576,San Miguel De Cauri,PE,2021-09-18 18:42:51,-10.1,-76.5833,59.76,35,29,13.62
577,Japura,ID,2021-09-18 18:38:21,-0.3167,102.35,74.12,97,99,2.62
578,Sokoni,TZ,2021-09-18 18:42:51,-6.4333,39.55,77.18,78,22,14.61
579,Half Moon Bay,US,2021-09-18 18:37:56,37.4636,-122.4286,74.53,71,75,5.75
580,Hammerfest,NO,2021-09-18 18:42:51,70.6634,23.6821,45.05,70,100,2.3
581,Padang,ID,2021-09-18 18:42:52,-0.9492,100.3543,73.45,96,100,0.81
582,Santa Rosa,PH,2021-09-18 18:38:06,14.3122,121.1114,83.08,82,17,5.46
583,Trincomalee,LK,2021-09-18 18:42:52,8.5711,81.2335,78.73,84,100,9.4
584,Pavilosta,LV,2021-09-18 18:42:52,56.8879,21.1859,48.15,64,0,16.08
585,Salaga,GH,2021-09-18 18:42:53,8.5508,-0.5188,77.77,85,98,4.94
586,Ihosy,MG,2021-09-18 18:42:53,-22.4,46.1167,59.97,63,6,7.25
587,Mount Vernon,US,2021-09-18 18:42:53,40.9126,-73.8371,86.81,61,75,6.91
588,Normandin,CA,2021-09-18 18:42:54,48.8333,-72.5321,62.22,55,100,13.8
589,Taltal,CL,2021-09-18 18:38:44,-25.4,-70.4833,62.13,69,100,7.02
590,Nemuro,JP,2021-09-18 18:42:54,43.3236,145.575,59.0,98,100,7.49
591,Mount Gambier,AU,2021-09-18 18:42:55,-37.8333,140.7667,48.11,93,75,12.66
592,Hare Bay,CA,2021-09-18 18:42:55,48.8499,-54.0148,72.75,77,100,15.5
